INSERT INTO persona (id, apellido, comuna, direccion, email, nombre, sis_prevision, telefono) VALUES (1, 'Martines', 'Temuco', 'esperanza #0092', 'pmartines@piloto.cl', 'pablo', 'fonasa', '+56965481138');
INSERT INTO persona (id, apellido, comuna, direccion, email, nombre, sis_prevision, telefono) VALUES (2, 'mesa', 'Macul', 'los robles #2534', 'amesa@piloto.cl', 'andrea', 'isapre', '+56973133094');
INSERT INTO persona (id, apellido, comuna, direccion, email, nombre, sis_prevision, telefono) VALUES (3, 'alarcon', 'Providencia', 'milano #0543', 'm.alarcon@piloto.cl', 'mateo', 'fonasa', '+56878229588');
INSERT INTO persona (id, apellido, comuna, direccion, email, nombre, sis_prevision, telefono) VALUES (4, 'arzola', 'Valdivia', 'pasaje 1 #0989', 'j.arzola@piloto.cl', 'javiera', 'fonasa', '+56929816922');
INSERT INTO persona (id, apellido, comuna, direccion, email, nombre, sis_prevision, telefono) VALUES (5, 'Barrales', 'Talca', 'oriente 1 #1010', 'c.barrales@piloto.cl', 'celeste', 'isapre', '+56931451760');
INSERT INTO persona (id, apellido, comuna, direccion, email, nombre, sis_prevision, telefono) VALUES (6, 'Cid', 'Temuco', 'norte #4532', 'a.cid@piloto.cl', 'Agustina', 'fonasa', '+56873856685');
INSERT INTO persona (id, apellido, comuna, direccion, email, nombre, sis_prevision, telefono) VALUES (7, 'cabrales', 'Providencia', 'san diego #4321', 'c.cabrales@piloto.cl', 'camilo', 'fonasa', '+56965384905');
INSERT INTO persona (id, apellido, comuna, direccion, email, nombre, sis_prevision, telefono) VALUES (8, 'castro', 'Macul', 'lucas #3211', 'a.castro99@piloto.cl', 'antonia', 'isapre', '+56824795357');
INSERT INTO persona (id, apellido, comuna, direccion, email, nombre, sis_prevision, telefono) VALUES (9, 'Carcamo', 'Valdivia', 'pluton #0076', 'i.carcamo@piloto.cl', 'ignacio', 'isapre', '+56887818845');
INSERT INTO persona (id, apellido, comuna, direccion, email, nombre, sis_prevision, telefono) VALUES (10, 'cid', 'Talca', 'pasaje 400 #4342', 'c.cid01@piloto.cl', 'catalina', 'isapre', '+56803078299');
INSERT INTO persona (id, apellido, comuna, direccion, email, nombre, sis_prevision, telefono) VALUES (11, 'chacon', 'Puerto Montt', 'recaberren #2123', 'a.chacon@piloto.cl', 'alonso', 'isapre', '+56942487680');
INSERT INTO persona (id, apellido, comuna, direccion, email, nombre, sis_prevision, telefono) VALUES (12, 'fisher', 'Providencia', 'los pablos #8835', 'jfisher@piloto.cl', 'josefina', 'isapre', '+56843142367');
INSERT INTO persona (id, apellido, comuna, direccion, email, nombre, sis_prevision, telefono) VALUES (13, 'flores', 'Temuco', 'caupolican #2122', 'fmartin@piloto.cl', 'martin', 'isapre', '+56942071332');
INSERT INTO persona (id, apellido, comuna, direccion, email, nombre, sis_prevision, telefono) VALUES (14, 'guzman', 'Macul', 'alemania #2031', 'm.guzman@piloto.cl', 'mailen', 'fonasa', '+56902485198');
INSERT INTO persona (id, apellido, comuna, direccion, email, nombre, sis_prevision, telefono) VALUES (15, 'Gonzales', 'Valdivia', 'colombia #0909', 'n.gonzales@piloto.cl', 'noelia', 'isapre', '+56982780293');
INSERT INTO persona (id, apellido, comuna, direccion, email, nombre, sis_prevision, telefono) VALUES (16, 'Hernandez', 'Osorno', 'pablo #8898', 'g.hernandez@piloto', 'gustavo', 'isapre', '+56832209446');
INSERT INTO persona (id, apellido, comuna, direccion, email, nombre, sis_prevision, telefono) VALUES (17, 'Herrera', 'Temuco', 'av. providencia #6654', 'gherrera@piloto.cl', 'german', 'isapre', '+56879322279');
INSERT INTO persona (id, apellido, comuna, direccion, email, nombre, sis_prevision, telefono) VALUES (18, 'jimenez', 'Providencia', 'av. javiera #0098', 'm.jimenez@piloto.cl', 'miguel', 'fonasa', '+56800640458');
INSERT INTO persona (id, apellido, comuna, direccion, email, nombre, sis_prevision, telefono) VALUES (19, 'lara', 'Los Angeles', 'pedro de valdivia #4301', 'a.lara@piloto.cl', 'angela', 'fonasa', '+56904521628');
INSERT INTO persona (id, apellido, comuna, direccion, email, nombre, sis_prevision, telefono) VALUES (20, 'loncomil', 'Valdivia', 'vivaldi #0900', 'sloncomil@piloto.cl', 'stephania', 'fonasa', '+56850892060');
INSERT INTO persona (id, apellido, comuna, direccion, email, nombre, sis_prevision, telefono) VALUES (21, 'luengo', 'Temuco', 'girasoles #7866', 'j.luengo@piloto.cl', 'jose', 'isapre', '+56925099998');
INSERT INTO persona (id, apellido, comuna, direccion, email, nombre, sis_prevision, telefono) VALUES (22, 'perez', 'Los Angeles', 'san pedro #2009', 'dperez@piloto.cl', 'diego', 'isapre', '+56927352189');
INSERT INTO persona (id, apellido, comuna, direccion, email, nombre, sis_prevision, telefono) VALUES (23, 'quezada', 'Puerto Montt', 'fco salazar #3210', 'aquezada@piloto.cl', 'amanda', 'fonasa', '+56972565323');
INSERT INTO persona (id, apellido, comuna, direccion, email, nombre, sis_prevision, telefono) VALUES (24, 'Reschke', 'Futrono', 'garibaldi # 4511', 'areschke@piloto.cl', 'aprill', 'isapre', '+56891960329');
INSERT INTO persona (id, apellido, comuna, direccion, email, nombre, sis_prevision, telefono) VALUES (25, 'remolino', 'Valdivia', 'florencia #2032', 'mremolino@piloto.cl', 'martina', 'fonasa', '+56897588489');
INSERT INTO persona (id, apellido, comuna, direccion, email, nombre, sis_prevision, telefono) VALUES (26, 'Meza', 'Temuco', 'los sonetos #3321', 'mesa.empresa@empresa.cl', 'Lucas', 'Fonasa', '+56545654321');
INSERT INTO persona (id, apellido, comuna, direccion, email, nombre, sis_prevision, telefono) VALUES (27, 'Perez', 'Santiago', 'canelo #0930', 'perez.empresa@empresa.cl', 'Anastasia', 'Isapre', '+56878786544');
INSERT INTO persona (id, apellido, comuna, direccion, email, nombre, sis_prevision, telefono) VALUES (28, 'Fisher', 'Temuco', 'los escritores #4432', 'fisher.empresa@empresa.cl', 'Joana', 'fonasa', '+56789780998');
INSERT INTO persona (id, apellido, comuna, direccion, email, nombre, sis_prevision, telefono) VALUES (29, 'Angula', 'Santiago', 'San Luis #0090', 'angula.empresa@empresa.cl', 'John', 'fonasa', '+56734200090');

#profesionales
INSERT INTO persona (id, apellido, comuna, direccion, email, nombre, sis_prevision, telefono) VALUES (30, 'Jimenez', 'Temuco', 'Adres Bello #33342', 'jcarlos@empresa.cl', 'Juan Carlos', 'Isapre', '+56878746444');
INSERT INTO persona (id, apellido, comuna, direccion, email, nombre, sis_prevision, telefono) VALUES (31, 'aredondo', 'Temuco', 'Los Dominicos #4432', 'carrendondo@empresa.cl', 'Carlos', 'fonasa', '+55534353535');
INSERT INTO persona (id, apellido, comuna, direccion, email, nombre, sis_prevision, telefono) VALUES (32, 'Rebolledo', 'Temuco', 'Santa Luisa #0090', 'crebolledo@empresa.cl', 'Cristian', 'fonasa', '+56535353535');



INSERT INTO authority (id, authority) VALUES (1, 'user');
INSERT INTO authority (id, authority) VALUES (2, 'administrador');

INSERT INTO usuario (id, activo, password, username, persona_id) VALUES (1, b'1', '', 'crebolledo', 32);
INSERT INTO usuario (id, activo, password, username, persona_id) VALUES (2, b'1', '', 'carredondo', 31);
INSERT INTO usuario (id, activo, password, username, persona_id) VALUES (3, b'1', '', 'ubarrales', 5);
INSERT INTO usuario (id, activo, password, username, persona_id) VALUES (4, b'1', '', 'ucabrales', 7);
INSERT INTO usuario (id, activo, password, username, persona_id) VALUES (5, b'1', '', 'ucid', 6);
INSERT INTO usuario (id, activo, password, username, persona_id) VALUES (6, b'1', '', 'ucastro', 8);
INSERT INTO usuario (id, activo, password, username, persona_id) VALUES (7, b'1', '', 'uhernandez', 16);
INSERT INTO usuario (id, activo, password, username, persona_id) VALUES (8, b'1', '', 'uflores', 13);
INSERT INTO usuario (id, activo, password, username, persona_id) VALUES (9, b'1', '', 'ucarcamo', 9);
INSERT INTO usuario (id, activo, password, username, persona_id) VALUES (10, b'1', '', 'uquezada', 23);
INSERT INTO usuario (id, activo, password, username, persona_id) VALUES (11, b'1', '', 'ureschke', 24);
INSERT INTO usuario (id, activo, password, username, persona_id) VALUES (12, b'1', '', 'uchacon', 11);
INSERT INTO usuario (id, activo, password, username, persona_id) VALUES (13, b'1', '', 'uremolino', 25);
INSERT INTO usuario (id, activo, password, username, persona_id) VALUES (14, b'1', '', 'ulara', 19);
INSERT INTO usuario (id, activo, password, username, persona_id) VALUES (15, b'1', '', 'uluengo', 21);
INSERT INTO usuario (id, activo, password, username, persona_id) VALUES (16, b'1', '', 'uguzman', 14);
INSERT INTO usuario (id, activo, password, username, persona_id) VALUES (17, b'1', '', 'ucid01', 10);
INSERT INTO usuario (id, activo, password, username, persona_id) VALUES (18, b'1', '', 'ujimenez', 18);
INSERT INTO usuario (id, activo, password, username, persona_id) VALUES (19, b'1', '', 'ufisher', 12);
INSERT INTO usuario (id, activo, password, username, persona_id) VALUES (20, b'1', '', 'uperez', 22);
INSERT INTO usuario (id, activo, password, username, persona_id) VALUES (21, b'1', '', 'ugonzales', 15);
INSERT INTO usuario (id, activo, password, username, persona_id) VALUES (22, b'1', '', 'uloncomil', 20);
INSERT INTO usuario (id, activo, password, username, persona_id) VALUES (23, b'1', '', 'umartines', 1);
INSERT INTO usuario (id, activo, password, username, persona_id) VALUES (24, b'1', '', 'umesa', 2);
INSERT INTO usuario (id, activo, password, username, persona_id) VALUES (25, b'1', '', 'uherrera', 17);
INSERT INTO usuario (id, activo, password, username, persona_id) VALUES (26, b'1', '', 'umesa', 26);
INSERT INTO usuario (id, activo, password, username, persona_id) VALUES (27, b'1', '', 'uperez', 27);
INSERT INTO usuario (id, activo, password, username, persona_id) VALUES (28, b'1', '', 'ufisher', 28);
INSERT INTO usuario (id, activo, password, username, persona_id) VALUES (29, b'1', '', 'uangula', 29);


INSERT INTO autoridad_users (user_id, autoridad_id) VALUES  (1, 2);
INSERT INTO autoridad_users (user_id, autoridad_id) VALUES (14, 1);
INSERT INTO autoridad_users (user_id, autoridad_id) VALUES (24, 1);
INSERT INTO autoridad_users (user_id, autoridad_id) VALUES (23, 1);
INSERT INTO autoridad_users (user_id, autoridad_id) VALUES (22, 1);
INSERT INTO autoridad_users (user_id, autoridad_id) VALUES (19, 1);
INSERT INTO autoridad_users (user_id, autoridad_id) VALUES (18, 1);
INSERT INTO autoridad_users (user_id, autoridad_id) VALUES (2, 2);
INSERT INTO autoridad_users (user_id, autoridad_id) VALUES (6, 1);
INSERT INTO autoridad_users (user_id, autoridad_id) VALUES (3, 1);
INSERT INTO autoridad_users (user_id, autoridad_id) VALUES (16, 1);
INSERT INTO autoridad_users (user_id, autoridad_id) VALUES (4, 1);
INSERT INTO autoridad_users (user_id, autoridad_id) VALUES (5, 1);
INSERT INTO autoridad_users (user_id, autoridad_id) VALUES (7, 1);
INSERT INTO autoridad_users (user_id, autoridad_id) VALUES (8, 1);
INSERT INTO autoridad_users (user_id, autoridad_id) VALUES (9, 1);
INSERT INTO autoridad_users (user_id, autoridad_id) VALUES (12, 1);
INSERT INTO autoridad_users (user_id, autoridad_id) VALUES (11, 1);
INSERT INTO autoridad_users (user_id, autoridad_id) VALUES (10, 1);
INSERT INTO autoridad_users (user_id, autoridad_id) VALUES (17, 1);
INSERT INTO autoridad_users (user_id, autoridad_id) VALUES (21, 1);
INSERT INTO autoridad_users (user_id, autoridad_id) VALUES (20, 1);
INSERT INTO autoridad_users (user_id, autoridad_id) VALUES (25, 1);
INSERT INTO autoridad_users (user_id, autoridad_id) VALUES (13, 1);
INSERT INTO autoridad_users (user_id, autoridad_id) VALUES (15, 1);
INSERT INTO autoridad_users (user_id, autoridad_id) VALUES (29, 2);
INSERT INTO autoridad_users (user_id, autoridad_id) VALUES (27, 2);
INSERT INTO autoridad_users (user_id, autoridad_id) VALUES (28, 2);
INSERT INTO autoridad_users (user_id, autoridad_id) VALUES (26, 2);



INSERT INTO profesional (id, registro, persona_id) VALUES (30, '#0030', 30);
INSERT INTO profesional (id, registro, persona_id) VALUES (31, '#0031', 31);
INSERT INTO profesional (id, registro, persona_id) VALUES (32, '#0032', 32);


INSERT INTO tipo_accidente (id, t_accidente) VALUES (1, 'Caídas');
INSERT INTO tipo_accidente (id, t_accidente) VALUES (2, 'Quemaduras');
INSERT INTO tipo_accidente (id, t_accidente) VALUES (3, 'Envenenamiento con gas');
INSERT INTO tipo_accidente (id, t_accidente) VALUES (4, 'Envenenamiento');
INSERT INTO tipo_accidente (id, t_accidente) VALUES (5, 'Cortaduras');
INSERT INTO tipo_accidente (id, t_accidente) VALUES (6, 'Accidentes automovilístico ');
INSERT INTO tipo_accidente (id, t_accidente) VALUES (7, 'Accidente Laboral ');
INSERT INTO tipo_accidente (id, t_accidente) VALUES (8, 'Accidente en Trayecto');



INSERT INTO registro_accidente (id, cargo, descripcion, fecha, persona_id, profesional_id, tipo_accidente_id, user_id) VALUES (11, 'Administrativo', 'Accidente corte', '04/01/20\r\n', 18, 30, 1, 18);
INSERT INTO registro_accidente (id, cargo, descripcion, fecha, persona_id, profesional_id, tipo_accidente_id, user_id) VALUES (12, 'Gerente zona\r\n', 'trayecto laboral \r\n', '25/03/20\r\n', 19, 30, 6, 14);
INSERT INTO registro_accidente (id, cargo, descripcion, fecha, persona_id, profesional_id, tipo_accidente_id, user_id) VALUES (13, 'Administrativo\r\n', 'Accidente por explosion laboratorio\r\n', '09/03/19\r\n', 1, 30, 2, 23);
INSERT INTO registro_accidente (id, cargo, descripcion, fecha, persona_id, profesional_id, tipo_accidente_id, user_id) VALUES (14, 'Conductor de grua\r\n', 'Se lesiono mientras transportaba carga en la grua #4423 fue atendido inmediato \r\n', '08/03/19\r\n', 8, 31, 6, 6);
INSERT INTO registro_accidente (id, cargo, descripcion, fecha, persona_id, profesional_id, tipo_accidente_id, user_id) VALUES (15, 'Administrativo\r\n', 'Corto con material de oficina\r\n', '27/07/19\r\n', 20, 32, 5, 20);
INSERT INTO registro_accidente (id, cargo, descripcion, fecha, persona_id, profesional_id, tipo_accidente_id, user_id) VALUES (16, 'Contador\r\n', 'Envenamiento por emision de gas\r\n', '03/06/18\r\n', 24, 30, 3, 11);
INSERT INTO registro_accidente (id, cargo, descripcion, fecha, persona_id, profesional_id, tipo_accidente_id, user_id) VALUES (17, 'Abogado\r\n', 'Colision entre dos companeros de trabajo en la entreda principal\r\n', '30/05/17\r\n', 11, 32, 1, 12);
INSERT INTO registro_accidente (id, cargo, descripcion, fecha, persona_id, profesional_id, tipo_accidente_id, user_id) VALUES (18, 'Prevencionista de riesgos\r\n', 'Colision entre dos companeros de trabajo en la entreda principal\r\n', '30/05/17\r\n', 16, 31, 1, 7);
INSERT INTO registro_accidente (id, cargo, descripcion, fecha, persona_id, profesional_id, tipo_accidente_id, user_id) VALUES (19, 'Gerente General\r\n', 'Accidente de trayecto oficina-hogar\r\n', '03/03/19\r\n', 7, 30, 8, 4);
INSERT INTO registro_accidente (id, cargo, descripcion, fecha, persona_id, profesional_id, tipo_accidente_id, user_id) VALUES (20, 'Administrativo\r\n', 'Accidente de choque por colision trayecto hogar-oficina\r\n', '02/10/19\r\n', 25, 32, 6, 13);
INSERT INTO registro_accidente (id, cargo, descripcion, fecha, persona_id, profesional_id, tipo_accidente_id, user_id) VALUES (21, 'Abogado\r\n', 'COVID-19\r\n', '03/05/20\r\n', 13, 31, 4, 8);
INSERT INTO registro_accidente (id, cargo, descripcion, fecha, persona_id, profesional_id, tipo_accidente_id, user_id) VALUES (22, 'Administrativo\r\n', 'COVID-19\r\n', '10/05/20\r\n', 10, 31, 4, 5);
INSERT INTO registro_accidente (id, cargo, descripcion, fecha, persona_id, profesional_id, tipo_accidente_id, user_id) VALUES (23, 'Jefe Sala\r\n', 'COVID-19\r\n', '03/05/20\r\n', 14, 31, 4, 16);
INSERT INTO registro_accidente (id, cargo, descripcion, fecha, persona_id, profesional_id, tipo_accidente_id, user_id) VALUES (24, 'Jefe Bodega\r\n', 'Caida del segundo piso\r\n', '07/11/19\r\n', 4, 32, 1, 2);
INSERT INTO registro_accidente (id, cargo, descripcion, fecha, persona_id, profesional_id, tipo_accidente_id, user_id) VALUES (25, 'Vendedor\r\n', 'Caida al trayecto laboral\r\n', '04/12/18\r\n', 12, 31, 1, 19);
INSERT INTO registro_accidente (id, cargo, descripcion, fecha, persona_id, profesional_id, tipo_accidente_id, user_id) VALUES (26, 'Vendedor\r\n', 'COVID-19\r\n', '07/06/20\r\n', 2, 30, 4, 2);
INSERT INTO registro_accidente (id, cargo, descripcion, fecha, persona_id, profesional_id, tipo_accidente_id, user_id) VALUES (29, 'Administrativo\r\n', 'Asalto al trayecto laboral\r\n', '06/08/19\r\n', 3, 30, 8, 1);
INSERT INTO registro_accidente (id, cargo, descripcion, fecha, persona_id, profesional_id, tipo_accidente_id, user_id) VALUES (30, 'Abogado\r\n', 'envenenamiento por monoxido de carbono\r\n', '03/12/18\r\n', 5, 32, 4, 3);
INSERT INTO registro_accidente (id, cargo, descripcion, fecha, persona_id, profesional_id, tipo_accidente_id, user_id) VALUES (31, 'Ingeniero Constructor\r\n', 'Accidente con material  de trabajo quemadura brazo derecho\r\n', '04/11/19\r\n', 6, 31, 2, 17);
INSERT INTO registro_accidente (id, cargo, descripcion, fecha, persona_id, profesional_id, tipo_accidente_id, user_id) VALUES (32, 'Ingeniero Constructor\r\n', 'Caida en transpotando material peligroso\r\n', '19/06/19\r\n', 9, 30, 1, 9);
INSERT INTO registro_accidente (id, cargo, descripcion, fecha, persona_id, profesional_id, tipo_accidente_id, user_id) VALUES (33, 'Guardia\r\n', 'accidente en la tienda golpe de cliente con elemento cortopunzante\r\n', '03/08/18\r\n', 15, 32, 7, 21);
INSERT INTO registro_accidente (id, cargo, descripcion, fecha, persona_id, profesional_id, tipo_accidente_id, user_id) VALUES (34, 'Gerente General\r\n', 'Choque automovilistico mientras se dirigia a la sucursal 1998766\r\n', '15/09/19\r\n', 17, 31, 6, 25);
INSERT INTO registro_accidente (id, cargo, descripcion, fecha, persona_id, profesional_id, tipo_accidente_id, user_id) VALUES (35, 'Guardia de seguridad\r\n', 'cortadura por asalto nocturno a la caseta intento de robo\r\n', '29/03/19\r\n', 21, 30, 5, 15);
INSERT INTO registro_accidente (id, cargo, descripcion, fecha, persona_id, profesional_id, tipo_accidente_id, user_id) VALUES (36, 'Administrativo\r\n', 'Accidente en evento de la empresa cortadura de ligamento LCA\r\n', '13/08/19\r\n', 22, 31, 1, 20);
INSERT INTO registro_accidente (id, cargo, descripcion, fecha, persona_id, profesional_id, tipo_accidente_id, user_id) VALUES (37, 'Adminstrativo\r\n', 'accidente en trayecto de oficina-hogar\r\n', '30/04/18\r\n', 23, 32, 8, 13);
